ipHash,count
0447037f4dbaebaa5d9f8bc3,2740
420548c978de616b7823b7d4,2252
614e028a3532cc1fcc77be1d,1544
e3246934d88efa3b30798fdf,290
349b1dcb699d8e2c5627aa8c,270
e2a142cf348cbb8bf41c7b6c,226
5362e6874dfce842116e4db8,184
7be83988527a73f26549215b,177
1325f573b3a9b2c9eac78705,151
82afb2943939b7699d15ad06,140
7a5152c136a93bfd2fa603bf,139
31f752bda27b5f2cbdff7284,115
f24ee8075539dd7182e833c0,113
8dc5b622fdde6083f1e49c64,113
9a5b28b4243de3d13bce3a3a,109
e043a00785262999d6bec58a,106
539ed200b72b2a391a00cadb,103
3f3b2ba65b61361a8b96edd2,94
2b440e26de6e1ae88b534cd9,63
02b84a75c6651bea6c6db70a,63
886f6ecfa91afba8cbf53424,52
d02e6ebde036edb97e2d1c4b,50
465fe5fea4bc04fe3197a64e,49
10e32b2e2cccf6e36f510187,44
82bbf07939762bdcdde35651,43
dd7f0029b171e96c443b7c8e,42
0ab7bd7ba25d5854165eeb93,38
21380a69600ce00feb630e38,37
d7231e1e90c47ea95a884574,37
9e7f4a241535802639f36cc9,36
278227f211349535c11507c2,34
8440d61a8f7faf564207683c,30
bf0e8521b1f4e6a8ab455070,28
222410c8d072786370f3dd83,23
0c18ae52e6e694937d6f779a,21
657d97fe02a4710ecd7168ed,18
a24cd517ba0c354779521653,15
efa997ba429c4712fcacd83f,15
575997181a019f831e66ff7f,15
e756e46a66819a17be48981f,13
fbc6a966b2313a607e7ec02f,12
988dcf9c18644f3a6a373ba1,10
ea7537215dae149c66f7e03f,10
2b8e46af6c918803d843ec28,8
1aef8fad6dc3c04e7d8fad60,7
5be3465996b672828a072ad3,7
e6d6dcb7321ee2c9bd50c804,6
fe97d130d600728af876aee0,5
632deb3153f78a375edc341f,4
e7d8ec2dacc6c09945c8e7e2,4
f90e3ee77a9be686846db521,4
82305a20d87e15db9355aacf,3
7e686dd5bed6e0ca4792625d,2
cb51c75eae2e1c3539834e2d,2
